id,patient_id,date,type,source,note
1,4,2026-07-25,hospital_admission,referral,Synthetic event
2,6,2026-08-09,hospital_admission,referral,Synthetic event
3,13,2026-06-25,hospital_admission,referral,Synthetic event
4,14,2026-07-25,stroke,clinic,Synthetic event
5,32,2026-06-10,hospital_admission,referral,Synthetic event
6,38,2026-08-22,hospital_admission,referral,Synthetic event
7,46,2026-09-06,hospital_admission,clinic,Synthetic event
8,51,2026-06-16,hospital_admission,referral,Synthetic event
9,61,2026-04-11,hospital_admission,clinic,Synthetic event (former patient)
10,62,2026-05-10,stroke,referral,Synthetic event (former patient)
11,63,2026-05-04,hospital_admission,clinic,Synthetic event (former patient)
12,64,2026-07-22,stroke,referral,Synthetic event (former patient)
13,65,2026-07-15,hospital_admission,clinic,Synthetic event (former patient)
14,66,2026-07-02,stroke,referral,Synthetic event (former patient)
15,67,2026-07-27,stroke,referral,Synthetic event (former patient)
16,68,2026-06-07,stroke,clinic,Synthetic event (former patient)
17,69,2026-05-31,hospital_admission,referral,Synthetic event (former patient)
18,70,2026-06-13,hospital_admission,referral,Synthetic event (former patient)
19,71,2026-05-05,hospital_admission,referral,Synthetic event (former patient)
20,72,2026-07-01,hospital_admission,referral,Synthetic event (former patient)
21,73,2026-06-08,hospital_admission,clinic,Synthetic event (former patient)
22,74,2026-07-14,hospital_admission,referral,Synthetic event (former patient)
23,75,2026-05-29,hospital_admission,referral,Synthetic event (former patient)
24,76,2026-07-13,hospital_admission,clinic,Synthetic event (former patient)
25,77,2026-07-07,stroke,clinic,Synthetic event (former patient)
26,78,2026-04-09,hospital_admission,clinic,Synthetic event (former patient)
