id,patient_id,due_date,kind,status,done_on
1,1,2026-04-12,clinic_appointment,done,2026-04-12
2,1,2026-06-27,clinic_appointment,done,2026-06-27
3,1,2026-09-03,clinic_appointment,missed,
4,1,2026-10-14,clinic_appointment,due,
5,1,2026-10-20,chw_visit,due,
6,2,2026-04-06,clinic_appointment,done,2026-04-06
7,2,2026-07-03,clinic_appointment,done,2026-07-03
8,2,2026-09-09,clinic_appointment,done,2026-09-09
9,2,2026-11-24,clinic_appointment,due,
10,2,2026-10-08,chw_visit,due,
11,3,2026-04-21,clinic_appointment,done,2026-04-21
12,3,2026-07-01,clinic_appointment,done,2026-07-01
13,3,2026-09-25,clinic_appointment,done,2026-09-25
14,3,2026-12-11,clinic_appointment,due,
15,3,2026-10-12,chw_visit,due,
16,4,2026-04-24,clinic_appointment,done,2026-04-24
17,4,2026-07-19,clinic_appointment,done,2026-07-19
18,4,2026-10-06,clinic_appointment,due,
19,4,2026-10-23,chw_visit,due,
20,5,2026-04-18,clinic_appointment,done,2026-04-18
21,5,2026-06-17,clinic_appointment,done,2026-06-17
22,5,2026-09-02,clinic_appointment,done,2026-09-02
23,5,2026-11-13,clinic_appointment,due,
24,5,2026-10-21,chw_visit,due,
25,6,2026-04-13,clinic_appointment,done,2026-04-13
26,6,2026-07-01,clinic_appointment,done,2026-07-01
27,6,2026-09-09,clinic_appointment,done,2026-09-09
28,6,2026-11-09,clinic_appointment,due,
29,6,2026-10-11,chw_visit,due,
30,7,2026-04-24,clinic_appointment,done,2026-04-24
31,7,2026-07-07,clinic_appointment,done,2026-07-07
32,7,2026-10-02,clinic_appointment,done,2026-10-02
33,7,2026-12-13,clinic_appointment,due,
34,7,2026-10-22,chw_visit,due,
35,8,2026-04-17,clinic_appointment,done,2026-04-17
36,8,2026-06-25,clinic_appointment,done,2026-06-25
37,8,2026-08-29,clinic_appointment,done,2026-08-29
38,8,2026-11-24,clinic_appointment,due,
39,8,2026-09-01,chw_visit,missed,
40,9,2026-04-13,clinic_appointment,done,2026-04-13
41,9,2026-07-04,clinic_appointment,done,2026-07-04
42,9,2026-09-07,clinic_appointment,done,2026-09-07
43,9,2026-11-11,clinic_appointment,due,
44,9,2026-10-22,chw_visit,due,
45,10,2026-04-09,clinic_appointment,done,2026-04-09
46,10,2026-06-18,clinic_appointment,done,2026-06-18
47,10,2026-09-06,clinic_appointment,done,2026-09-06
48,10,2026-11-22,clinic_appointment,due,
49,10,2026-10-17,chw_visit,due,
50,11,2026-04-10,clinic_appointment,done,2026-04-10
51,11,2026-06-11,clinic_appointment,done,2026-06-11
52,11,2026-08-17,clinic_appointment,done,2026-08-17
53,11,2026-10-19,clinic_appointment,due,
54,11,2026-10-18,chw_visit,due,
55,12,2026-04-26,clinic_appointment,done,2026-04-26
56,12,2026-07-15,clinic_appointment,done,2026-07-15
57,12,2026-10-08,clinic_appointment,due,
58,12,2026-08-17,chw_visit,missed,
59,13,2026-04-07,clinic_appointment,done,2026-04-07
60,13,2026-06-08,clinic_appointment,done,2026-06-08
61,13,2026-09-03,clinic_appointment,done,2026-09-03
62,13,2026-11-21,clinic_appointment,due,
63,13,2026-09-30,chw_visit,due,
64,14,2026-04-06,clinic_appointment,done,2026-04-06
65,14,2026-06-16,clinic_appointment,done,2026-06-16
66,14,2026-09-02,clinic_appointment,done,2026-09-02
67,14,2026-11-01,clinic_appointment,due,
68,14,2026-10-16,chw_visit,due,
69,15,2026-04-25,clinic_appointment,done,2026-04-25
70,15,2026-06-26,clinic_appointment,done,2026-06-26
71,15,2026-09-16,clinic_appointment,done,2026-09-16
72,15,2026-12-12,clinic_appointment,due,
73,15,2026-10-14,chw_visit,due,
74,16,2026-04-07,clinic_appointment,done,2026-04-07
75,16,2026-06-17,clinic_appointment,done,2026-06-17
76,16,2026-09-01,clinic_appointment,done,2026-09-01
77,16,2026-11-05,clinic_appointment,due,
78,16,2026-10-25,chw_visit,due,
79,17,2026-04-09,clinic_appointment,done,2026-04-09
80,17,2026-07-07,clinic_appointment,missed,
81,17,2026-09-05,clinic_appointment,done,2026-09-05
82,17,2026-11-10,clinic_appointment,due,
83,17,2026-10-13,chw_visit,due,
84,18,2026-04-20,clinic_appointment,done,2026-04-20
85,18,2026-06-23,clinic_appointment,done,2026-06-23
86,18,2026-09-12,clinic_appointment,done,2026-09-12
87,18,2026-12-04,clinic_appointment,due,
88,18,2026-10-07,chw_visit,due,
89,19,2026-04-16,clinic_appointment,done,2026-04-16
90,19,2026-06-23,clinic_appointment,done,2026-06-23
91,19,2026-09-13,clinic_appointment,done,2026-09-13
92,19,2026-11-21,clinic_appointment,due,
93,19,2026-10-07,chw_visit,due,
94,20,2026-04-20,clinic_appointment,done,2026-04-20
95,20,2026-07-12,clinic_appointment,done,2026-07-12
96,20,2026-10-07,clinic_appointment,due,
97,20,2026-10-22,chw_visit,due,
98,21,2026-04-10,clinic_appointment,done,2026-04-10
99,21,2026-07-08,clinic_appointment,done,2026-07-08
100,21,2026-09-25,clinic_appointment,done,2026-09-25
101,21,2026-12-15,clinic_appointment,due,
102,21,2026-10-20,chw_visit,due,
103,22,2026-04-13,clinic_appointment,done,2026-04-13
104,22,2026-07-04,clinic_appointment,done,2026-07-04
105,22,2026-09-04,clinic_appointment,missed,
106,22,2026-11-09,clinic_appointment,due,
107,22,2026-10-23,chw_visit,due,
108,23,2026-04-16,clinic_appointment,done,2026-04-16
109,23,2026-06-30,clinic_appointment,done,2026-06-30
110,23,2026-09-20,clinic_appointment,done,2026-09-20
111,23,2026-11-25,clinic_appointment,due,
112,23,2026-10-03,chw_visit,due,
113,24,2026-04-14,clinic_appointment,done,2026-04-14
114,24,2026-07-11,clinic_appointment,done,2026-07-11
115,24,2026-09-21,clinic_appointment,done,2026-09-21
116,24,2026-12-07,clinic_appointment,due,
117,24,2026-10-07,chw_visit,due,
118,25,2026-04-21,clinic_appointment,done,2026-04-21
119,25,2026-07-15,clinic_appointment,done,2026-07-15
120,25,2026-09-23,clinic_appointment,done,2026-09-23
121,25,2026-12-20,clinic_appointment,due,
122,25,2026-10-16,chw_visit,due,
123,26,2026-04-25,clinic_appointment,done,2026-04-25
124,26,2026-06-28,clinic_appointment,done,2026-06-28
125,26,2026-09-06,clinic_appointment,done,2026-09-06
126,26,2026-11-25,clinic_appointment,due,
127,26,2026-10-13,chw_visit,due,
128,27,2026-04-20,clinic_appointment,done,2026-04-20
129,27,2026-07-08,clinic_appointment,done,2026-07-08
130,27,2026-09-13,clinic_appointment,done,2026-09-13
131,27,2026-12-03,clinic_appointment,due,
132,27,2026-10-08,chw_visit,due,
133,28,2026-04-11,clinic_appointment,done,2026-04-11
134,28,2026-06-27,clinic_appointment,done,2026-06-27
135,28,2026-09-10,clinic_appointment,done,2026-09-10
136,28,2026-11-10,clinic_appointment,due,
137,28,2026-08-25,chw_visit,missed,
138,29,2026-04-07,clinic_appointment,done,2026-04-07
139,29,2026-06-27,clinic_appointment,done,2026-06-27
140,29,2026-09-19,clinic_appointment,missed,
141,29,2026-11-18,clinic_appointment,due,
142,29,2026-10-04,chw_visit,due,
143,30,2026-04-24,clinic_appointment,done,2026-04-24
144,30,2026-07-08,clinic_appointment,done,2026-07-08
145,30,2026-09-23,clinic_appointment,done,2026-09-23
146,30,2026-12-21,clinic_appointment,due,
147,30,2026-10-07,chw_visit,due,
148,31,2026-04-19,clinic_appointment,done,2026-04-19
149,31,2026-07-06,clinic_appointment,done,2026-07-06
150,31,2026-09-24,clinic_appointment,done,2026-09-24
151,31,2026-12-17,clinic_appointment,due,
152,31,2026-10-23,chw_visit,due,
153,32,2026-04-18,clinic_appointment,done,2026-04-18
154,32,2026-07-04,clinic_appointment,done,2026-07-04
155,32,2026-09-25,clinic_appointment,done,2026-09-25
156,32,2026-12-15,clinic_appointment,due,
157,32,2026-10-08,chw_visit,due,
158,33,2026-04-11,clinic_appointment,done,2026-04-11
159,33,2026-07-10,clinic_appointment,done,2026-07-10
160,33,2026-09-14,clinic_appointment,missed,
161,33,2026-11-25,clinic_appointment,due,
162,33,2026-10-16,chw_visit,due,
163,34,2026-04-26,clinic_appointment,done,2026-04-26
164,34,2026-07-15,clinic_appointment,done,2026-07-15
165,34,2026-09-22,clinic_appointment,done,2026-09-22
166,34,2026-12-13,clinic_appointment,due,
167,34,2026-09-10,chw_visit,missed,
168,35,2026-04-25,clinic_appointment,done,2026-04-25
169,35,2026-07-12,clinic_appointment,done,2026-07-12
170,35,2026-09-19,clinic_appointment,done,2026-09-19
171,35,2026-11-29,clinic_appointment,due,
172,35,2026-10-05,chw_visit,due,
173,36,2026-04-07,clinic_appointment,done,2026-04-07
174,36,2026-06-09,clinic_appointment,missed,
175,36,2026-08-13,clinic_appointment,missed,
176,36,2026-10-26,clinic_appointment,due,
177,36,2026-10-24,chw_visit,due,
178,37,2026-04-20,clinic_appointment,done,2026-04-20
179,37,2026-07-11,clinic_appointment,done,2026-07-11
180,37,2026-09-26,clinic_appointment,done,2026-09-26
181,37,2026-12-10,clinic_appointment,due,
182,37,2026-10-14,chw_visit,due,
183,38,2026-04-23,clinic_appointment,done,2026-04-23
184,38,2026-06-22,clinic_appointment,done,2026-06-22
185,38,2026-09-03,clinic_appointment,done,2026-09-03
186,38,2026-11-14,clinic_appointment,due,
187,38,2026-10-15,chw_visit,due,
188,39,2026-04-11,clinic_appointment,done,2026-04-11
189,39,2026-06-20,clinic_appointment,done,2026-06-20
190,39,2026-09-06,clinic_appointment,missed,
191,39,2026-11-09,clinic_appointment,due,
192,39,2026-10-13,chw_visit,due,
193,40,2026-04-24,clinic_appointment,done,2026-04-24
194,40,2026-07-16,clinic_appointment,done,2026-07-16
195,40,2026-10-02,clinic_appointment,done,2026-10-02
196,40,2026-12-15,clinic_appointment,due,
197,40,2026-10-16,chw_visit,due,
198,41,2026-04-18,clinic_appointment,done,2026-04-18
199,41,2026-06-18,clinic_appointment,done,2026-06-18
200,41,2026-09-03,clinic_appointment,done,2026-09-03
201,41,2026-11-29,clinic_appointment,due,
202,41,2026-09-19,chw_visit,missed,
203,42,2026-04-24,clinic_appointment,done,2026-04-24
204,42,2026-07-19,clinic_appointment,done,2026-07-19
205,42,2026-09-28,clinic_appointment,done,2026-09-28
206,42,2026-11-29,clinic_appointment,due,
207,42,2026-09-08,chw_visit,missed,
208,43,2026-04-10,clinic_appointment,done,2026-04-10
209,43,2026-07-03,clinic_appointment,done,2026-07-03
210,43,2026-09-15,clinic_appointment,done,2026-09-15
211,43,2026-11-30,clinic_appointment,due,
212,43,2026-10-16,chw_visit,due,
213,44,2026-04-06,clinic_appointment,done,2026-04-06
214,44,2026-06-11,clinic_appointment,done,2026-06-11
215,44,2026-08-15,clinic_appointment,done,2026-08-15
216,44,2026-10-26,clinic_appointment,due,
217,44,2026-10-26,chw_visit,due,
218,45,2026-04-25,clinic_appointment,done,2026-04-25
219,45,2026-07-11,clinic_appointment,done,2026-07-11
220,45,2026-10-02,clinic_appointment,done,2026-10-02
221,45,2026-12-17,clinic_appointment,due,
222,45,2026-10-14,chw_visit,due,
223,46,2026-04-13,clinic_appointment,done,2026-04-13
224,46,2026-06-29,clinic_appointment,done,2026-06-29
225,46,2026-09-18,clinic_appointment,done,2026-09-18
226,46,2026-12-05,clinic_appointment,due,
227,46,2026-09-28,chw_visit,due,
228,47,2026-04-06,clinic_appointment,done,2026-04-06
229,47,2026-06-24,clinic_appointment,done,2026-06-24
230,47,2026-08-28,clinic_appointment,done,2026-08-28
231,47,2026-11-01,clinic_appointment,due,
232,47,2026-10-02,chw_visit,due,
233,48,2026-04-17,clinic_appointment,done,2026-04-17
234,48,2026-07-16,clinic_appointment,done,2026-07-16
235,48,2026-10-04,clinic_appointment,due,
236,48,2026-08-27,chw_visit,missed,
237,49,2026-04-17,clinic_appointment,done,2026-04-17
238,49,2026-07-10,clinic_appointment,done,2026-07-10
239,49,2026-09-22,clinic_appointment,done,2026-09-22
240,49,2026-12-16,clinic_appointment,due,
241,49,2026-10-15,chw_visit,due,
242,50,2026-04-26,clinic_appointment,done,2026-04-26
243,50,2026-07-06,clinic_appointment,done,2026-07-06
244,50,2026-09-29,clinic_appointment,done,2026-09-29
245,50,2026-12-12,clinic_appointment,due,
246,50,2026-10-06,chw_visit,due,
247,51,2026-04-13,clinic_appointment,done,2026-04-13
248,51,2026-06-18,clinic_appointment,done,2026-06-18
249,51,2026-09-09,clinic_appointment,done,2026-09-09
250,51,2026-12-08,clinic_appointment,due,
251,51,2026-10-10,chw_visit,due,
252,52,2026-04-12,clinic_appointment,done,2026-04-12
253,52,2026-06-19,clinic_appointment,done,2026-06-19
254,52,2026-09-12,clinic_appointment,done,2026-09-12
255,52,2026-11-27,clinic_appointment,due,
256,52,2026-10-03,chw_visit,due,
257,53,2026-04-17,clinic_appointment,done,2026-04-17
258,53,2026-07-07,clinic_appointment,done,2026-07-07
259,53,2026-10-01,clinic_appointment,done,2026-10-01
260,53,2026-12-14,clinic_appointment,due,
261,53,2026-10-21,chw_visit,due,
262,54,2026-04-16,clinic_appointment,done,2026-04-16
263,54,2026-07-06,clinic_appointment,done,2026-07-06
264,54,2026-09-12,clinic_appointment,done,2026-09-12
265,54,2026-11-29,clinic_appointment,due,
266,54,2026-10-07,chw_visit,due,
267,55,2026-04-21,clinic_appointment,done,2026-04-21
268,55,2026-07-08,clinic_appointment,done,2026-07-08
269,55,2026-09-14,clinic_appointment,done,2026-09-14
270,55,2026-12-07,clinic_appointment,due,
271,55,2026-10-02,chw_visit,due,
272,56,2026-04-07,clinic_appointment,done,2026-04-07
273,56,2026-06-15,clinic_appointment,done,2026-06-15
274,56,2026-08-20,clinic_appointment,done,2026-08-20
275,56,2026-10-20,clinic_appointment,due,
276,56,2026-08-15,chw_visit,missed,
277,57,2026-04-24,clinic_appointment,done,2026-04-24
278,57,2026-07-05,clinic_appointment,done,2026-07-05
279,57,2026-09-22,clinic_appointment,done,2026-09-22
280,57,2026-11-23,clinic_appointment,due,
281,57,2026-09-30,chw_visit,due,
282,58,2026-04-13,clinic_appointment,done,2026-04-13
283,58,2026-06-17,clinic_appointment,done,2026-06-17
284,58,2026-08-25,clinic_appointment,done,2026-08-25
285,58,2026-11-19,clinic_appointment,due,
286,58,2026-09-06,chw_visit,missed,
287,59,2026-04-07,clinic_appointment,done,2026-04-07
288,59,2026-06-27,clinic_appointment,done,2026-06-27
289,59,2026-09-09,clinic_appointment,done,2026-09-09
290,59,2026-11-30,clinic_appointment,due,
291,59,2026-09-22,chw_visit,due,
292,60,2026-04-22,clinic_appointment,done,2026-04-22
293,60,2026-07-15,clinic_appointment,done,2026-07-15
294,60,2026-09-22,clinic_appointment,missed,
295,60,2026-12-02,clinic_appointment,due,
296,60,2026-09-25,chw_visit,due,
297,61,2025-11-10,clinic_appointment,done,2025-11-10
298,61,2026-02-07,clinic_appointment,done,2026-02-07
299,62,2025-11-19,clinic_appointment,done,2025-11-19
300,62,2026-02-12,clinic_appointment,done,2026-02-12
301,62,2026-05-05,clinic_appointment,done,2026-05-05
302,63,2025-11-12,clinic_appointment,done,2025-11-12
303,63,2026-01-22,clinic_appointment,done,2026-01-22
304,63,2026-03-30,clinic_appointment,done,2026-03-30
305,64,2025-10-14,clinic_appointment,done,2025-10-14
306,64,2025-12-26,clinic_appointment,done,2025-12-26
307,64,2026-03-12,clinic_appointment,done,2026-03-12
308,64,2026-05-11,clinic_appointment,done,2026-05-11
309,65,2025-11-01,clinic_appointment,done,2025-11-01
310,65,2026-01-30,clinic_appointment,done,2026-01-30
311,65,2026-04-29,clinic_appointment,done,2026-04-29
312,66,2025-10-26,clinic_appointment,done,2025-10-26
313,66,2025-12-31,clinic_appointment,done,2025-12-31
314,66,2026-03-31,clinic_appointment,done,2026-03-31
315,66,2026-06-04,clinic_appointment,done,2026-06-04
316,67,2025-11-08,clinic_appointment,done,2025-11-08
317,67,2026-01-15,clinic_appointment,done,2026-01-15
318,67,2026-04-12,clinic_appointment,done,2026-04-12
319,67,2026-06-20,clinic_appointment,done,2026-06-20
320,68,2025-11-19,clinic_appointment,done,2025-11-19
321,68,2026-02-02,clinic_appointment,done,2026-02-02
322,68,2026-04-26,clinic_appointment,done,2026-04-26
323,69,2025-12-02,clinic_appointment,done,2025-12-02
324,69,2026-02-05,clinic_appointment,done,2026-02-05
325,69,2026-04-30,clinic_appointment,done,2026-04-30
326,70,2025-11-22,clinic_appointment,done,2025-11-22
327,70,2026-02-04,clinic_appointment,done,2026-02-04
328,70,2026-04-28,clinic_appointment,done,2026-04-28
329,71,2025-10-24,clinic_appointment,done,2025-10-24
330,71,2026-01-12,clinic_appointment,done,2026-01-12
331,71,2026-03-18,clinic_appointment,done,2026-03-18
332,72,2025-11-06,clinic_appointment,done,2025-11-06
333,72,2026-01-12,clinic_appointment,done,2026-01-12
334,72,2026-03-15,clinic_appointment,done,2026-03-15
335,72,2026-05-27,clinic_appointment,done,2026-05-27
336,73,2025-11-04,clinic_appointment,done,2025-11-04
337,73,2026-01-23,clinic_appointment,done,2026-01-23
338,73,2026-04-21,clinic_appointment,done,2026-04-21
339,74,2025-10-16,clinic_appointment,done,2025-10-16
340,74,2025-12-16,clinic_appointment,done,2025-12-16
341,74,2026-02-20,clinic_appointment,done,2026-02-20
342,74,2026-05-19,clinic_appointment,done,2026-05-19
343,75,2025-11-22,clinic_appointment,done,2025-11-22
344,75,2026-02-13,clinic_appointment,done,2026-02-13
345,75,2026-05-08,clinic_appointment,done,2026-05-08
346,76,2025-11-11,clinic_appointment,done,2025-11-11
347,76,2026-02-06,clinic_appointment,done,2026-02-06
348,76,2026-04-30,clinic_appointment,done,2026-04-30
349,77,2025-11-17,clinic_appointment,done,2025-11-17
350,77,2026-02-14,clinic_appointment,done,2026-02-14
351,77,2026-05-11,clinic_appointment,done,2026-05-11
352,78,2025-11-06,clinic_appointment,done,2025-11-06
353,78,2026-02-01,clinic_appointment,done,2026-02-01
354,79,2025-11-22,clinic_appointment,done,2025-11-22
355,79,2026-02-10,clinic_appointment,done,2026-02-10
356,79,2026-04-16,clinic_appointment,done,2026-04-16
357,80,2025-10-30,clinic_appointment,done,2025-10-30
358,80,2026-01-26,clinic_appointment,done,2026-01-26
359,80,2026-04-01,clinic_appointment,done,2026-04-01
360,80,2026-06-10,clinic_appointment,done,2026-06-10
361,81,2025-10-31,clinic_appointment,done,2025-10-31
362,81,2026-01-06,clinic_appointment,done,2026-01-06
363,81,2026-03-20,clinic_appointment,done,2026-03-20
364,82,2025-10-25,clinic_appointment,done,2025-10-25
365,82,2026-01-19,clinic_appointment,done,2026-01-19
366,82,2026-03-31,clinic_appointment,done,2026-03-31
367,82,2026-06-23,clinic_appointment,done,2026-06-23
368,83,2025-10-28,clinic_appointment,done,2025-10-28
369,83,2026-01-18,clinic_appointment,done,2026-01-18
370,83,2026-04-09,clinic_appointment,done,2026-04-09
371,83,2026-06-27,clinic_appointment,done,2026-06-27
372,84,2025-10-24,clinic_appointment,done,2025-10-24
373,84,2026-01-06,clinic_appointment,done,2026-01-06
374,84,2026-03-24,clinic_appointment,done,2026-03-24
375,84,2026-06-04,clinic_appointment,done,2026-06-04
376,85,2025-10-26,clinic_appointment,done,2025-10-26
377,85,2025-12-30,clinic_appointment,done,2025-12-30
378,85,2026-03-11,clinic_appointment,done,2026-03-11
379,86,2025-11-03,clinic_appointment,done,2025-11-03
380,86,2026-01-15,clinic_appointment,done,2026-01-15
381,86,2026-04-02,clinic_appointment,done,2026-04-02
382,87,2025-10-31,clinic_appointment,done,2025-10-31
383,87,2026-01-07,clinic_appointment,done,2026-01-07
384,87,2026-03-27,clinic_appointment,done,2026-03-27
385,88,2025-11-26,clinic_appointment,done,2025-11-26
386,88,2026-02-08,clinic_appointment,done,2026-02-08
387,88,2026-05-01,clinic_appointment,done,2026-05-01
388,89,2025-11-19,clinic_appointment,done,2025-11-19
389,89,2026-01-20,clinic_appointment,done,2026-01-20
390,89,2026-04-09,clinic_appointment,done,2026-04-09
391,90,2025-10-26,clinic_appointment,done,2025-10-26
392,90,2026-01-04,clinic_appointment,done,2026-01-04
393,90,2026-04-04,clinic_appointment,done,2026-04-04
394,90,2026-06-08,clinic_appointment,done,2026-06-08
