key,value
synthetic,true
schema_version,1
config_version,2026-10-03d
synthetic_end_date,2026-10-03
seed,1
signals_run:1,2026-10-03
signals_run:2,2026-10-03
signals_run:3,2026-10-03
signals_run:4,2026-10-03
signals_run:5,2026-10-03
signals_run:6,2026-10-03
signals_run:7,2026-10-03
signals_run:8,2026-10-03
signals_run:9,2026-10-03
signals_run:10,2026-10-03
signals_run:11,2026-10-03
signals_run:12,2026-10-03
signals_run:13,2026-10-03
signals_run:14,2026-10-03
signals_run:15,2026-10-03
signals_run:16,2026-10-03
signals_run:17,2026-10-03
signals_run:18,2026-10-03
signals_run:19,2026-10-03
signals_run:20,2026-10-03
signals_run:21,2026-10-03
signals_run:22,2026-10-03
signals_run:23,2026-10-03
signals_run:24,2026-10-03
signals_run:25,2026-10-03
signals_run:26,2026-10-03
signals_run:27,2026-10-03
signals_run:28,2026-10-03
signals_run:29,2026-10-03
signals_run:30,2026-10-03
signals_run:31,2026-10-03
signals_run:32,2026-10-03
signals_run:33,2026-10-03
signals_run:34,2026-10-03
signals_run:35,2026-10-03
signals_run:36,2026-10-03
signals_run:37,2026-10-03
signals_run:38,2026-10-03
signals_run:39,2026-10-03
signals_run:40,2026-10-03
signals_run:41,2026-10-03
signals_run:42,2026-10-03
signals_run:43,2026-10-03
signals_run:44,2026-10-03
signals_run:45,2026-10-03
signals_run:46,2026-10-03
signals_run:47,2026-10-03
signals_run:48,2026-10-03
signals_run:49,2026-10-03
signals_run:50,2026-10-03
signals_run:51,2026-10-03
signals_run:52,2026-10-03
signals_run:53,2026-10-03
signals_run:54,2026-10-03
signals_run:55,2026-10-03
signals_run:56,2026-10-03
signals_run:57,2026-10-03
signals_run:58,2026-10-03
signals_run:59,2026-10-03
signals_run:60,2026-10-03
signals_run:61,2026-10-03
signals_run:62,2026-10-03
signals_run:63,2026-10-03
signals_run:64,2026-10-03
signals_run:65,2026-10-03
signals_run:66,2026-10-03
signals_run:67,2026-10-03
signals_run:68,2026-10-03
signals_run:69,2026-10-03
signals_run:70,2026-10-03
signals_run:71,2026-10-03
signals_run:72,2026-10-03
signals_run:73,2026-10-03
signals_run:74,2026-10-03
signals_run:75,2026-10-03
signals_run:76,2026-10-03
signals_run:77,2026-10-03
signals_run:78,2026-10-03
signals_run:79,2026-10-03
signals_run:80,2026-10-03
signals_run:81,2026-10-03
signals_run:82,2026-10-03
signals_run:83,2026-10-03
signals_run:84,2026-10-03
signals_run:85,2026-10-03
signals_run:86,2026-10-03
signals_run:87,2026-10-03
signals_run:88,2026-10-03
signals_run:89,2026-10-03
signals_run:90,2026-10-03
