id,sex,age,number_of_children,smoker,height_cm,weight_kg,village,phone_hash,language,enrolled_on,condition_codes,chw_id,status
1,female,58,1,no,168.0,66.3,Kirundo,d9416d30147e7f61,sw,2025-10-28,"[""hypertension""]",1,active
2,male,72,0,no,182.0,93.4,Muyinga,9d2d68e9fb106514,sw,2026-02-28,"[""hypertension""]",1,active
3,female,77,6,yes,161.0,81.4,Rutana,fe7edf8b69d79cf5,fr,2025-06-17,"[""hypertension""]",1,active
4,male,45,1,no,157.0,50.4,Gitega,223a6e39146e1994,sw,2025-11-12,"[""hypertension""]",1,active
5,female,62,2,no,164.0,73.1,Cibitoke,ae22e5dea434ef5a,sw,2025-07-16,"[""hypertension""]",1,active
6,female,66,8,no,157.0,60.1,Cibitoke,cb8a6b0656f79f52,rn,2025-09-16,"[""hypertension""]",1,active
7,male,72,8,no,177.0,75.9,Ngozi,bc5a9169fea5cbac,sw,2025-10-04,"[""hypertension""]",1,active
8,male,44,6,yes,177.0,107.0,Cibitoke,e578146057ae3d67,sw,2025-07-17,"[""hypertension""]",1,active
9,female,43,3,no,169.0,82.2,Ngozi,d2278c0aa4070d78,en,2026-02-04,"[""hypertension""]",1,active
10,female,58,5,yes,158.0,56.2,Ngozi,bfe1acedf2043e60,fr,2025-06-21,"[""hypertension""]",1,active
11,female,45,1,no,154.0,65.4,Rutana,9afc4d6875d90d43,sw,2025-07-27,"[""hypertension""]",1,active
12,female,42,6,yes,158.0,64.0,Muyinga,c929798de60ce2d7,rn,2026-02-23,"[""hypertension""]",1,active
13,male,75,1,no,154.0,55.5,Kirundo,c59f7d0dc47014fd,fr,2025-10-31,"[""hypertension""]",1,active
14,male,65,5,yes,170.0,75.7,Rutana,a61192a2c0bf0b70,en,2026-01-28,"[""hypertension""]",1,active
15,male,57,1,no,179.0,90.8,Muyinga,830de759ecfa1759,fr,2025-05-08,"[""hypertension""]",1,active
16,male,68,1,no,171.0,69.7,Ngozi,352161c9fb27ee24,en,2025-10-30,"[""hypertension""]",1,active
17,male,44,6,no,161.0,65.1,Kirundo,abe40fff97016577,sw,2025-09-14,"[""hypertension""]",1,active
18,male,77,7,yes,163.0,85.7,Kirundo,ebd020a70b1d697f,sw,2025-12-15,"[""hypertension""]",1,active
19,female,78,2,yes,151.0,69.7,Muyinga,698b5b092be23e1c,sw,2025-04-29,"[""hypertension""]",1,active
20,female,50,3,no,165.0,68.1,Kirundo,8e6052e8ad45b2cc,fr,2025-03-16,"[""hypertension""]",1,active
21,female,50,2,no,159.0,62.5,Rutana,4592c16f5f71b5ee,rn,2025-03-25,"[""hypertension""]",1,active
22,female,41,3,no,167.0,63.5,Rutana,c7aab8e703566f96,sw,2026-02-21,"[""hypertension""]",1,active
23,male,57,8,no,160.0,52.3,Muyinga,399ef1eec8b5d86a,rn,2025-12-21,"[""hypertension""]",1,active
24,female,54,3,yes,160.0,53.7,Kirundo,3dc157c15cdfc9dc,fr,2025-07-31,"[""hypertension""]",1,active
25,male,55,3,no,171.0,79.7,Ngozi,9edaef912ace2a34,sw,2025-08-28,"[""hypertension""]",1,active
26,male,41,8,yes,179.0,67.5,Rutana,b389a8a9cea6b235,sw,2025-05-25,"[""hypertension""]",1,active
27,male,73,5,no,180.0,89.9,Cibitoke,35758abfb7fa0419,rn,2025-08-14,"[""hypertension""]",1,active
28,male,51,5,no,161.0,67.0,Cibitoke,78bb026f7eca7916,sw,2025-08-15,"[""hypertension""]",1,active
29,male,41,8,no,168.0,73.5,Cibitoke,cbef1e0b4fcb02e4,sw,2025-11-26,"[""hypertension""]",1,active
30,female,46,8,no,160.0,57.8,Kirundo,cf122d8476c8707a,en,2025-07-14,"[""hypertension""]",1,active
31,female,77,8,yes,148.0,62.7,Ngozi,2472b881c702b836,sw,2025-09-27,"[""hypertension""]",1,active
32,female,69,6,no,159.0,63.3,Gitega,ffa44431823537ec,sw,2025-06-19,"[""hypertension""]",1,active
33,female,62,0,no,153.0,56.7,Ngozi,5d6ffde59d65b081,rn,2025-04-27,"[""hypertension""]",1,active
34,female,48,7,no,158.0,59.2,Kirundo,c67674bf11451007,sw,2025-06-18,"[""hypertension""]",1,active
35,male,60,3,no,171.0,58.8,Cibitoke,5ae055a0ac5c61a7,fr,2026-02-04,"[""hypertension""]",1,active
36,male,68,6,no,178.0,69.7,Muyinga,1fb4f9132dc3f3b0,sw,2025-08-27,"[""hypertension""]",1,active
37,female,51,0,yes,169.0,64.0,Gitega,5e11729affd62145,sw,2025-12-15,"[""hypertension""]",1,active
38,male,56,3,yes,158.0,67.2,Rutana,f1f156e02dfd63b5,rn,2025-08-29,"[""hypertension""]",1,active
39,female,49,0,yes,156.0,74.7,Muyinga,b2594091bd457ddf,sw,2025-09-24,"[""hypertension""]",1,active
40,female,74,8,no,158.0,54.2,Muyinga,ab4347be60cfe1a8,rn,2026-02-02,"[""hypertension""]",1,active
41,male,55,7,no,164.0,61.6,Rutana,78b8ada976a34b3a,sw,2025-03-10,"[""hypertension""]",1,active
42,female,53,0,yes,169.0,92.5,Kirundo,8b9269c90d75cf4f,fr,2025-06-08,"[""hypertension""]",1,active
43,male,64,3,no,168.0,81.6,Cibitoke,c94dcf87b204186d,sw,2025-11-16,"[""hypertension""]",1,active
44,male,60,5,no,177.0,76.9,Gitega,78c9858af57ff4a9,sw,2025-04-11,"[""hypertension""]",1,active
45,female,71,8,no,159.0,50.9,Kirundo,b93eeac374ba2284,fr,2025-08-01,"[""hypertension""]",1,active
46,male,62,6,no,162.0,59.0,Ngozi,518f3d88d7e6f5d8,sw,2025-10-25,"[""hypertension""]",1,active
47,male,68,2,no,170.0,74.9,Cibitoke,03fab7569a445fd0,sw,2025-04-29,"[""hypertension""]",1,active
48,male,60,5,no,160.0,69.0,Cibitoke,3048409dd647a31c,fr,2026-01-07,"[""hypertension""]",1,active
49,male,58,0,yes,177.0,69.0,Rutana,935b25ee3de50b30,sw,2025-11-15,"[""hypertension""]",1,active
50,female,59,4,yes,172.0,91.7,Cibitoke,03c7b498f0ceb176,sw,2025-07-23,"[""hypertension""]",1,active
51,male,67,1,no,164.0,72.3,Gitega,7ad868083e4aed9a,fr,2025-10-14,"[""hypertension""]",1,active
52,female,50,4,no,154.0,66.5,Muyinga,b2405de525619b3f,sw,2025-04-03,"[""hypertension""]",1,active
53,female,77,6,yes,162.0,74.9,Kirundo,a5799c493cf4f492,fr,2026-02-09,"[""hypertension""]",1,active
54,male,61,1,yes,172.0,83.7,Cibitoke,c5dd4217157b725f,fr,2025-11-29,"[""hypertension""]",1,active
55,male,58,7,yes,158.0,82.3,Gitega,de0a1790a6e26455,rn,2025-12-30,"[""hypertension""]",1,active
56,male,69,5,no,163.0,72.5,Cibitoke,be08b943228c21dc,sw,2026-01-03,"[""hypertension""]",1,active
57,male,68,3,no,181.0,75.9,Cibitoke,8e6e4b05866e847a,sw,2025-03-30,"[""hypertension""]",1,active
58,male,58,3,no,174.0,84.7,Muyinga,aad940657e4d7675,sw,2025-03-29,"[""hypertension""]",1,active
59,male,72,0,no,159.0,54.9,Cibitoke,9485b59a7cd40b96,sw,2026-01-21,"[""hypertension""]",1,active
60,male,54,0,no,176.0,63.3,Ngozi,79d68854823cb5d7,rn,2026-01-25,"[""hypertension""]",1,active
61,male,59,1,no,159.0,67.7,Gitega,6d6b94c006971eef,sw,2025-08-23,"[""hypertension""]",1,former
62,male,57,6,no,178.0,91.0,Kirundo,8cb740c67756af4a,rn,2025-08-12,"[""hypertension""]",1,former
63,male,55,3,no,180.0,78.1,Kirundo,1ff0c0a2ec00b3ba,fr,2025-04-27,"[""hypertension""]",1,former
64,female,79,3,no,164.0,63.5,Muyinga,57d3febd0cccf382,sw,2025-11-19,"[""hypertension""]",1,former
65,female,51,3,no,160.0,66.5,Ngozi,df41d5adc2c5b232,sw,2025-05-28,"[""hypertension""]",1,former
66,female,60,0,yes,153.0,62.6,Gitega,de9b44e44d9bd4af,sw,2026-01-09,"[""hypertension""]",1,former
67,female,75,0,no,155.0,62.7,Muyinga,e6739ac734109fb6,sw,2025-07-03,"[""hypertension""]",1,former
68,male,56,7,yes,182.0,80.8,Muyinga,bbff92fc023d46b6,fr,2025-07-10,"[""hypertension""]",1,former
69,male,74,2,yes,182.0,87.6,Gitega,e2287141a0b41dfb,fr,2025-08-22,"[""hypertension""]",1,former
70,male,58,2,no,156.0,59.7,Rutana,a81d767112922938,sw,2025-05-24,"[""hypertension""]",1,former
71,female,62,7,yes,159.0,66.6,Muyinga,faf8893763d10f31,rn,2025-05-16,"[""hypertension""]",1,former
72,female,47,8,no,170.0,77.8,Rutana,ff2a7c377b994470,fr,2025-05-14,"[""hypertension""]",1,former
73,male,68,3,no,173.0,85.4,Gitega,d9c1e7cb08acfa15,en,2025-05-29,"[""hypertension""]",1,former
74,male,45,7,yes,166.0,73.4,Gitega,d3facac97d2fcb73,sw,2025-04-23,"[""hypertension""]",1,former
75,female,51,6,no,168.0,80.4,Ngozi,f1e81f8cc82a82fb,fr,2025-06-17,"[""hypertension""]",1,former
76,male,59,4,no,167.0,58.5,Gitega,bb4c52029dc95f2c,sw,2025-04-01,"[""hypertension""]",1,former
77,male,55,4,no,176.0,80.7,Ngozi,0172804f024e5e88,sw,2025-10-22,"[""hypertension""]",1,former
78,female,51,4,yes,165.0,67.6,Cibitoke,2e1ed512ff3e4306,rn,2025-11-06,"[""hypertension""]",1,former
79,male,71,6,no,170.0,58.3,Muyinga,824253f2e20eb10f,fr,2025-12-20,"[""hypertension""]",1,former
80,female,74,1,yes,169.0,70.3,Kirundo,30a150de04034505,rn,2026-02-17,"[""hypertension""]",1,former
81,male,62,7,no,170.0,76.1,Ngozi,06d8d82b11b21f3c,sw,2025-07-10,"[""hypertension""]",1,former
82,female,55,1,no,161.0,69.8,Kirundo,6ab5240782b6dac1,sw,2025-09-12,"[""hypertension""]",1,former
83,male,78,4,yes,165.0,57.5,Cibitoke,8c5b1d2e1360ef27,sw,2026-01-22,"[""hypertension""]",1,former
84,male,72,0,yes,154.0,52.1,Kirundo,e52c059c2d75fbd2,fr,2025-04-23,"[""hypertension""]",1,former
85,male,67,2,yes,181.0,80.0,Kirundo,e7d8f0af8f7a50c2,fr,2025-11-03,"[""hypertension""]",1,former
86,female,43,2,no,168.0,64.3,Cibitoke,4fa1f6717a95e89f,sw,2025-07-02,"[""hypertension""]",1,former
87,male,69,5,yes,156.0,62.6,Muyinga,06a4af8be20e5822,fr,2026-01-09,"[""hypertension""]",1,former
88,male,58,1,no,176.0,80.4,Rutana,646a97f015165df5,sw,2025-05-27,"[""hypertension""]",1,former
89,female,51,7,no,163.0,73.2,Gitega,109ce6b9e2a17150,sw,2025-06-12,"[""hypertension""]",1,former
90,female,56,5,no,149.0,54.9,Ngozi,66a74ecdcdde540e,rn,2025-07-07,"[""hypertension""]",1,former
