id,patient_id,question_id,topic,asked_at,channel,answer,correct,lang,next_due
1,1,q01,medication,2026-09-14T09:00:00,sms,2,yes,sw,2026-10-14
2,1,q02,medication,2026-09-18T09:00:00,sms,1,yes,sw,2026-10-18
3,1,q03,medication,2026-09-21T09:00:00,sms,3,yes,sw,2026-10-21
4,1,q04,salt_and_diet,2026-09-14T09:00:00,sms,2,yes,sw,2026-10-14
5,1,q05,salt_and_diet,2026-09-13T09:00:00,sms,3,yes,sw,2026-10-13
6,1,q06,salt_and_diet,2026-09-22T09:00:00,sms,1,yes,sw,2026-10-22
7,2,q13,what_bp_means,2026-07-24T10:00:00,sms,2,yes,sw,2026-08-23
8,2,q08,danger_signs,2026-08-16T10:00:00,sms,2,yes,sw,2026-09-15
9,3,q15,what_bp_means,2026-08-16T10:00:00,sms,2,no,fr,2026-08-23
10,3,q03,medication,2026-09-21T10:00:00,sms,3,yes,fr,2026-10-21
11,4,q07,danger_signs,2026-09-06T10:00:00,sms,2,no,sw,2026-09-13
12,4,q08,danger_signs,2026-07-28T10:00:00,sms,3,no,sw,2026-08-04
13,6,q07,danger_signs,2026-09-10T10:00:00,sms,2,no,rn,2026-09-17
14,6,q08,danger_signs,2026-09-30T10:00:00,sms,3,no,rn,2026-10-07
15,9,q07,danger_signs,2026-07-21T10:00:00,sms,1,yes,en,2026-08-20
16,10,q10,when_to_seek_care,2026-09-17T10:00:00,sms,3,yes,fr,2026-10-17
17,10,q12,when_to_seek_care,2026-09-19T10:00:00,sms,1,yes,fr,2026-10-19
18,10,q01,medication,2026-07-22T10:00:00,sms,2,yes,fr,2026-08-21
19,11,q02,medication,2026-09-15T10:00:00,sms,1,yes,sw,2026-10-15
20,11,q04,salt_and_diet,2026-08-06T10:00:00,sms,2,yes,sw,2026-09-05
21,11,q14,what_bp_means,2026-09-29T10:00:00,sms,3,yes,sw,2026-10-29
22,13,q07,danger_signs,2026-07-28T10:00:00,sms,2,no,fr,2026-08-04
23,13,q08,danger_signs,2026-08-07T10:00:00,sms,3,no,fr,2026-08-14
24,16,q11,when_to_seek_care,2026-09-04T10:00:00,sms,2,yes,en,2026-10-04
25,17,q12,when_to_seek_care,2026-09-09T10:00:00,sms,1,yes,sw,2026-10-09
26,17,q07,danger_signs,2026-09-03T10:00:00,sms,1,yes,sw,2026-10-03
27,17,q06,salt_and_diet,2026-09-25T10:00:00,sms,1,yes,sw,2026-10-25
28,17,q04,salt_and_diet,2026-07-21T10:00:00,sms,2,yes,sw,2026-08-20
29,19,q06,salt_and_diet,2026-08-21T10:00:00,sms,1,yes,sw,2026-09-20
30,19,q04,salt_and_diet,2026-09-12T10:00:00,sms,2,yes,sw,2026-10-12
31,22,q11,when_to_seek_care,2026-08-12T10:00:00,sms,2,yes,sw,2026-09-11
32,22,q07,danger_signs,2026-09-14T10:00:00,sms,1,yes,sw,2026-10-14
33,22,q05,salt_and_diet,2026-08-17T10:00:00,sms,3,yes,sw,2026-09-16
34,22,q13,what_bp_means,2026-09-03T10:00:00,sms,2,yes,sw,2026-10-03
35,23,q13,what_bp_means,2026-09-20T10:00:00,sms,2,yes,rn,2026-10-20
36,24,q15,what_bp_means,2026-09-04T10:00:00,sms,1,yes,fr,2026-10-04
37,25,q10,when_to_seek_care,2026-08-16T10:00:00,sms,3,yes,sw,2026-09-15
38,29,q02,medication,2026-09-26T10:00:00,sms,1,yes,sw,2026-10-26
39,29,q10,when_to_seek_care,2026-09-09T10:00:00,sms,3,yes,sw,2026-10-09
40,29,q15,what_bp_means,2026-09-27T10:00:00,sms,1,yes,sw,2026-10-27
41,30,q07,danger_signs,2026-09-23T10:00:00,sms,1,yes,en,2026-10-23
42,31,q09,danger_signs,2026-08-19T10:00:00,sms,3,yes,sw,2026-09-18
43,31,q06,salt_and_diet,2026-08-10T10:00:00,sms,1,yes,sw,2026-09-09
44,32,q10,when_to_seek_care,2026-09-02T10:00:00,sms,1,no,sw,2026-09-09
45,32,q01,medication,2026-08-09T10:00:00,sms,2,yes,sw,2026-09-08
46,32,q14,what_bp_means,2026-09-22T10:00:00,sms,3,yes,sw,2026-10-22
47,37,q04,salt_and_diet,2026-08-22T10:00:00,sms,3,no,sw,2026-08-29
48,39,q01,medication,2026-08-06T10:00:00,sms,2,yes,sw,2026-09-05
49,39,q11,when_to_seek_care,2026-09-17T10:00:00,sms,2,yes,sw,2026-10-17
50,40,q12,when_to_seek_care,2026-08-08T10:00:00,sms,1,yes,rn,2026-09-07
51,43,q04,salt_and_diet,2026-09-25T10:00:00,sms,2,yes,sw,2026-10-25
52,43,q15,what_bp_means,2026-10-02T10:00:00,sms,1,yes,sw,2026-11-01
53,43,q07,danger_signs,2026-07-21T10:00:00,sms,1,yes,sw,2026-08-20
54,46,q07,danger_signs,2026-08-29T10:00:00,sms,2,no,sw,2026-09-05
55,46,q08,danger_signs,2026-08-12T10:00:00,sms,3,no,sw,2026-08-19
56,47,q04,salt_and_diet,2026-08-04T10:00:00,sms,2,yes,sw,2026-09-03
57,47,q12,when_to_seek_care,2026-09-09T10:00:00,sms,1,yes,sw,2026-10-09
58,47,q06,salt_and_diet,2026-09-03T10:00:00,sms,1,yes,sw,2026-10-03
59,50,q04,salt_and_diet,2026-08-23T10:00:00,sms,2,yes,sw,2026-09-22
60,50,q08,danger_signs,2026-08-17T10:00:00,sms,2,yes,sw,2026-09-16
61,50,q02,medication,2026-08-28T10:00:00,sms,1,yes,sw,2026-09-27
62,50,q03,medication,2026-08-13T10:00:00,sms,3,yes,sw,2026-09-12
63,51,q07,danger_signs,2026-09-03T10:00:00,sms,2,no,fr,2026-09-10
64,51,q08,danger_signs,2026-08-14T10:00:00,sms,3,no,fr,2026-08-21
65,52,q01,medication,2026-09-18T10:00:00,sms,3,no,sw,2026-09-25
66,52,q10,when_to_seek_care,2026-08-28T10:00:00,sms,3,yes,sw,2026-09-27
67,52,q04,salt_and_diet,2026-09-15T10:00:00,sms,2,yes,sw,2026-10-15
68,52,q03,medication,2026-10-02T10:00:00,sms,1,no,sw,2026-10-09
69,57,q15,what_bp_means,2026-07-24T10:00:00,sms,1,yes,sw,2026-08-23
70,57,q04,salt_and_diet,2026-09-10T10:00:00,sms,2,yes,sw,2026-10-10
71,57,q07,danger_signs,2026-09-03T10:00:00,sms,1,yes,sw,2026-10-03
72,57,q06,salt_and_diet,2026-07-18T10:00:00,sms,1,yes,sw,2026-08-17
73,59,q11,when_to_seek_care,2026-07-21T10:00:00,sms,3,no,sw,2026-07-28
74,59,q06,salt_and_diet,2026-08-31T10:00:00,sms,1,yes,sw,2026-09-30
